[{"truck_id":"3","engine_temperature":199,"average_rpm":1963},
{"truck_id":"2","engine_temperature":192,"average_rpm":3821},
{"truck_id":"1","engine_temperature":198,"average_rpm":4750},
{"truck_id":"3","engine_temperature":202,"average_rpm":4051},
{"truck_id":"2","engine_temperature":216,"average_rpm":3166},
{"truck_id":"3","engine_temperature":193,"average_rpm":4927},
{"truck_id":"1","engine_temperature":190,"average_rpm":4185},
{"truck_id":"1","engine_temperature":203,"average_rpm":4789},
{"truck_id":"2","engine_temperature":189,"average_rpm":2764},
{"truck_id":"2","engine_temperature":206,"average_rpm":3235},
{"truck_id":"1","engine_temperature":207,"average_rpm":2547},
{"truck_id":"2","engine_temperature":207,"average_rpm":4810},
{"truck_id":"3","engine_temperature":210,"average_rpm":3805},
{"truck_id":"1","engine_temperature":193,"average_rpm":2881},
{"truck_id":"2","engine_temperature":222,"average_rpm":1952},
{"truck_id":"1","engine_temperature":174,"average_rpm":3562},
{"truck_id":"3","engine_temperature":182,"average_rpm":3019},
{"truck_id":"1","engine_temperature":198,"average_rpm":4297},
{"truck_id":"1","engine_temperature":188,"average_rpm":4998},
{"truck_id":"3","engine_temperature":193,"average_rpm":3778},
{"truck_id":"1","engine_temperature":202,"average_rpm":3901},
{"truck_id":"2","engine_temperature":211,"average_rpm":3105},
{"truck_id":"2","engine_temperature":220,"average_rpm":4187},
{"truck_id":"3","engine_temperature":180,"average_rpm":2611},
{"truck_id":"2","engine_temperature":211,"average_rpm":3837},
{"truck_id":"2","engine_temperature":211,"average_rpm":3049},
{"truck_id":"1","engine_temperature":213,"average_rpm":1925},
{"truck_id":"1","engine_temperature":199,"average_rpm":3484},
{"truck_id":"3","engine_temperature":217,"average_rpm":3328},
{"truck_id":"2","engine_temperature":199,"average_rpm":1905},
{"truck_id":"3","engine_temperature":198,"average_rpm":1953},
{"truck_id":"2","engine_temperature":209,"average_rpm":3212},
{"truck_id":"2","engine_temperature":182,"average_rpm":2274},
{"truck_id":"1","engine_temperature":211,"average_rpm":3522},
{"truck_id":"3","engine_temperature":202,"average_rpm":2655},
{"truck_id":"3","engine_temperature":198,"average_rpm":2627},
{"truck_id":"1","engine_temperature":208,"average_rpm":4486},
{"truck_id":"3","engine_temperature":193,"average_rpm":2668},
{"truck_id":"2","engine_temperature":196,"average_rpm":2372},
{"truck_id":"2","engine_temperature":187,"average_rpm":4805},
{"truck_id":"2","engine_temperature":200,"average_rpm":4333},
{"truck_id":"2","engine_temperature":172,"average_rpm":2059},
{"truck_id":"1","engine_temperature":191,"average_rpm":4942},
{"truck_id":"3","engine_temperature":179,"average_rpm":3015},
{"truck_id":"2","engine_temperature":189,"average_rpm":2917},
{"truck_id":"3","engine_temperature":219,"average_rpm":4146},
{"truck_id":"1","engine_temperature":202,"average_rpm":1801},
{"truck_id":"2","engine_temperature":202,"average_rpm":3819},
{"truck_id":"3","engine_temperature":173,"average_rpm":2783},
{"truck_id":"3","engine_temperature":191,"average_rpm":2054},
{"truck_id":"1","engine_temperature":186,"average_rpm":4802},
{"truck_id":"2","engine_temperature":188,"average_rpm":2528},
{"truck_id":"2","engine_temperature":209,"average_rpm":3497},
{"truck_id":"1","engine_temperature":177,"average_rpm":2296},
{"truck_id":"3","engine_temperature":184,"average_rpm":3787},
{"truck_id":"1","engine_temperature":212,"average_rpm":3344},
{"truck_id":"2","engine_temperature":214,"average_rpm":4769},
{"truck_id":"1","engine_temperature":197,"average_rpm":4957},
{"truck_id":"3","engine_temperature":213,"average_rpm":4643},
{"truck_id":"3","engine_temperature":201,"average_rpm":2431},
{"truck_id":"3","engine_temperature":192,"average_rpm":2541},
{"truck_id":"3","engine_temperature":219,"average_rpm":2314},
{"truck_id":"2","engine_temperature":183,"average_rpm":2524},
{"truck_id":"1","engine_temperature":223,"average_rpm":3926},
{"truck_id":"2","engine_temperature":185,"average_rpm":3419},
{"truck_id":"2","engine_temperature":209,"average_rpm":3823},
{"truck_id":"2","engine_temperature":222,"average_rpm":4279},
{"truck_id":"1","engine_temperature":181,"average_rpm":3635},
{"truck_id":"3","engine_temperature":177,"average_rpm":3780},
{"truck_id":"3","engine_temperature":199,"average_rpm":4549},
{"truck_id":"2","engine_temperature":203,"average_rpm":2995},
{"truck_id":"3","engine_temperature":200,"average_rpm":2467},
{"truck_id":"2","engine_temperature":215,"average_rpm":1939},
{"truck_id":"3","engine_temperature":215,"average_rpm":2258},
{"truck_id":"1","engine_temperature":179,"average_rpm":3872},
{"truck_id":"2","engine_temperature":174,"average_rpm":3642},
{"truck_id":"2","engine_temperature":214,"average_rpm":3892},
{"truck_id":"3","engine_temperature":193,"average_rpm":2222},
{"truck_id":"2","engine_temperature":215,"average_rpm":4840},
{"truck_id":"1","engine_temperature":182,"average_rpm":3235},
{"truck_id":"2","engine_temperature":190,"average_rpm":2554},
{"truck_id":"1","engine_temperature":176,"average_rpm":4248},
{"truck_id":"3","engine_temperature":211,"average_rpm":4459},
{"truck_id":"2","engine_temperature":202,"average_rpm":3202},
{"truck_id":"2","engine_temperature":189,"average_rpm":2288},
{"truck_id":"1","engine_temperature":217,"average_rpm":2774},
{"truck_id":"3","engine_temperature":206,"average_rpm":3643},
{"truck_id":"3","engine_temperature":202,"average_rpm":3614},
{"truck_id":"2","engine_temperature":212,"average_rpm":4423},
{"truck_id":"1","engine_temperature":221,"average_rpm":2201},
{"truck_id":"1","engine_temperature":215,"average_rpm":3219},
{"truck_id":"1","engine_temperature":234,"average_rpm":4694},
{"truck_id":"1","engine_temperature":191,"average_rpm":3122},
{"truck_id":"3","engine_temperature":199,"average_rpm":4069},
{"truck_id":"1","engine_temperature":185,"average_rpm":2675},
{"truck_id":"1","engine_temperature":215,"average_rpm":2342},
{"truck_id":"2","engine_temperature":196,"average_rpm":3153},
{"truck_id":"3","engine_temperature":185,"average_rpm":2873},
{"truck_id":"3","engine_temperature":201,"average_rpm":2460},
{"truck_id":"1","engine_temperature":192,"average_rpm":4007},
{"truck_id":"2","engine_temperature":224,"average_rpm":3278},
{"truck_id":"3","engine_temperature":182,"average_rpm":4119},
{"truck_id":"3","engine_temperature":204,"average_rpm":2003},
{"truck_id":"3","engine_temperature":200,"average_rpm":2190},
{"truck_id":"1","engine_temperature":216,"average_rpm":2437},
{"truck_id":"2","engine_temperature":185,"average_rpm":2966},
{"truck_id":"2","engine_temperature":185,"average_rpm":3548},
{"truck_id":"3","engine_temperature":182,"average_rpm":4899},
{"truck_id":"1","engine_temperature":209,"average_rpm":4738},
{"truck_id":"3","engine_temperature":212,"average_rpm":2312},
{"truck_id":"2","engine_temperature":184,"average_rpm":4619},
{"truck_id":"3","engine_temperature":195,"average_rpm":3853},
{"truck_id":"1","engine_temperature":183,"average_rpm":1824},
{"truck_id":"2","engine_temperature":201,"average_rpm":2324},
{"truck_id":"3","engine_temperature":214,"average_rpm":3703},
{"truck_id":"2","engine_temperature":194,"average_rpm":4747},
{"truck_id":"3","engine_temperature":197,"average_rpm":3884},
{"truck_id":"1","engine_temperature":204,"average_rpm":3303},
{"truck_id":"2","engine_temperature":198,"average_rpm":2423},
{"truck_id":"3","engine_temperature":180,"average_rpm":4690},
{"truck_id":"1","engine_temperature":205,"average_rpm":4107},
{"truck_id":"2","engine_temperature":215,"average_rpm":2688},
{"truck_id":"3","engine_temperature":211,"average_rpm":3738},
{"truck_id":"2","engine_temperature":198,"average_rpm":3171},
{"truck_id":"3","engine_temperature":200,"average_rpm":4419},
{"truck_id":"1","engine_temperature":181,"average_rpm":4294},
{"truck_id":"1","engine_temperature":217,"average_rpm":3414},
{"truck_id":"2","engine_temperature":208,"average_rpm":3709},
{"truck_id":"3","engine_temperature":179,"average_rpm":2681},
{"truck_id":"1","engine_temperature":222,"average_rpm":2060},
{"truck_id":"3","engine_temperature":199,"average_rpm":4530},
{"truck_id":"1","engine_temperature":185,"average_rpm":2664},
{"truck_id":"2","engine_temperature":202,"average_rpm":3836},
{"truck_id":"2","engine_temperature":187,"average_rpm":4514},
{"truck_id":"3","engine_temperature":199,"average_rpm":4534},
{"truck_id":"2","engine_temperature":232,"average_rpm":2783},
{"truck_id":"3","engine_temperature":206,"average_rpm":2128},
{"truck_id":"2","engine_temperature":193,"average_rpm":4272},
{"truck_id":"3","engine_temperature":193,"average_rpm":3263},
{"truck_id":"2","engine_temperature":217,"average_rpm":4102},
{"truck_id":"3","engine_temperature":195,"average_rpm":2846},
{"truck_id":"1","engine_temperature":165,"average_rpm":2302},
{"truck_id":"1","engine_temperature":201,"average_rpm":4247},
{"truck_id":"2","engine_temperature":174,"average_rpm":4991},
{"truck_id":"2","engine_temperature":194,"average_rpm":3975},
{"truck_id":"2","engine_temperature":205,"average_rpm":3190},
{"truck_id":"2","engine_temperature":195,"average_rpm":3106},
{"truck_id":"2","engine_temperature":172,"average_rpm":4204},
{"truck_id":"1","engine_temperature":205,"average_rpm":4134},
{"truck_id":"2","engine_temperature":212,"average_rpm":3041},
{"truck_id":"2","engine_temperature":203,"average_rpm":2486},
{"truck_id":"2","engine_temperature":205,"average_rpm":3667},
{"truck_id":"2","engine_temperature":197,"average_rpm":2979},
{"truck_id":"3","engine_temperature":195,"average_rpm":3364},
{"truck_id":"3","engine_temperature":183,"average_rpm":4526},
{"truck_id":"2","engine_temperature":194,"average_rpm":2877},
{"truck_id":"2","engine_temperature":182,"average_rpm":2754},
{"truck_id":"1","engine_temperature":196,"average_rpm":3696},
{"truck_id":"2","engine_temperature":204,"average_rpm":2568},
{"truck_id":"2","engine_temperature":196,"average_rpm":1964},
{"truck_id":"3","engine_temperature":203,"average_rpm":3044},
{"truck_id":"1","engine_temperature":180,"average_rpm":4443},
{"truck_id":"2","engine_temperature":210,"average_rpm":3114},
{"truck_id":"2","engine_temperature":195,"average_rpm":4800},
{"truck_id":"1","engine_temperature":207,"average_rpm":3565},
{"truck_id":"1","engine_temperature":210,"average_rpm":2043},
{"truck_id":"3","engine_temperature":218,"average_rpm":3976},
{"truck_id":"2","engine_temperature":185,"average_rpm":3084},
{"truck_id":"2","engine_temperature":196,"average_rpm":2320},
{"truck_id":"3","engine_temperature":209,"average_rpm":2643},
{"truck_id":"1","engine_temperature":207,"average_rpm":3667},
{"truck_id":"2","engine_temperature":199,"average_rpm":2603},
{"truck_id":"1","engine_temperature":197,"average_rpm":3668},
{"truck_id":"1","engine_temperature":171,"average_rpm":2869},
{"truck_id":"3","engine_temperature":209,"average_rpm":4308},
{"truck_id":"1","engine_temperature":207,"average_rpm":3279},
{"truck_id":"2","engine_temperature":202,"average_rpm":4399},
{"truck_id":"1","engine_temperature":209,"average_rpm":2024},
{"truck_id":"3","engine_temperature":171,"average_rpm":2709},
{"truck_id":"1","engine_temperature":187,"average_rpm":2501},
{"truck_id":"1","engine_temperature":231,"average_rpm":4408},
{"truck_id":"2","engine_temperature":206,"average_rpm":3228},
{"truck_id":"1","engine_temperature":174,"average_rpm":2898},
{"truck_id":"1","engine_temperature":177,"average_rpm":3484},
{"truck_id":"2","engine_temperature":187,"average_rpm":2025},
{"truck_id":"3","engine_temperature":164,"average_rpm":4266},
{"truck_id":"1","engine_temperature":187,"average_rpm":1964},
{"truck_id":"1","engine_temperature":170,"average_rpm":3263},
{"truck_id":"3","engine_temperature":193,"average_rpm":2933},
{"truck_id":"1","engine_temperature":160,"average_rpm":2582},
{"truck_id":"2","engine_temperature":195,"average_rpm":2490},
{"truck_id":"1","engine_temperature":190,"average_rpm":3019},
{"truck_id":"3","engine_temperature":205,"average_rpm":3342},
{"truck_id":"3","engine_temperature":217,"average_rpm":4002},
{"truck_id":"1","engine_temperature":209,"average_rpm":2753},
{"truck_id":"1","engine_temperature":225,"average_rpm":3999},
{"truck_id":"3","engine_temperature":200,"average_rpm":2519},
{"truck_id":"2","engine_temperature":180,"average_rpm":3459},
{"truck_id":"1","engine_temperature":186,"average_rpm":2694},
{"truck_id":"1","engine_temperature":221,"average_rpm":1846},
{"truck_id":"1","engine_temperature":218,"average_rpm":2804},
{"truck_id":"2","engine_temperature":198,"average_rpm":2216},
{"truck_id":"3","engine_temperature":198,"average_rpm":4071},
{"truck_id":"2","engine_temperature":195,"average_rpm":4390},
{"truck_id":"1","engine_temperature":211,"average_rpm":3276},
{"truck_id":"1","engine_temperature":213,"average_rpm":2543},
{"truck_id":"1","engine_temperature":209,"average_rpm":4204},
{"truck_id":"3","engine_temperature":207,"average_rpm":2195},
{"truck_id":"2","engine_temperature":197,"average_rpm":3787},
{"truck_id":"2","engine_temperature":182,"average_rpm":3049},
{"truck_id":"3","engine_temperature":217,"average_rpm":4542},
{"truck_id":"2","engine_temperature":190,"average_rpm":3308},
{"truck_id":"3","engine_temperature":194,"average_rpm":2002},
{"truck_id":"2","engine_temperature":199,"average_rpm":3677},
{"truck_id":"1","engine_temperature":209,"average_rpm":3617},
{"truck_id":"3","engine_temperature":192,"average_rpm":1877},
{"truck_id":"2","engine_temperature":184,"average_rpm":2354},
{"truck_id":"1","engine_temperature":179,"average_rpm":3519},
{"truck_id":"1","engine_temperature":209,"average_rpm":3377},
{"truck_id":"1","engine_temperature":201,"average_rpm":1888},
{"truck_id":"1","engine_temperature":195,"average_rpm":2416},
{"truck_id":"1","engine_temperature":202,"average_rpm":2602},
{"truck_id":"3","engine_temperature":189,"average_rpm":2907},
{"truck_id":"1","engine_temperature":218,"average_rpm":1835},
{"truck_id":"1","engine_temperature":169,"average_rpm":3835},
{"truck_id":"2","engine_temperature":195,"average_rpm":4093},
{"truck_id":"1","engine_temperature":195,"average_rpm":4655},
{"truck_id":"3","engine_temperature":185,"average_rpm":2324},
{"truck_id":"2","engine_temperature":180,"average_rpm":3233},
{"truck_id":"3","engine_temperature":223,"average_rpm":4009},
{"truck_id":"3","engine_temperature":210,"average_rpm":4786},
{"truck_id":"1","engine_temperature":204,"average_rpm":2541},
{"truck_id":"2","engine_temperature":202,"average_rpm":2655},
{"truck_id":"3","engine_temperature":217,"average_rpm":3744},
{"truck_id":"1","engine_temperature":191,"average_rpm":2231},
{"truck_id":"2","engine_temperature":220,"average_rpm":2747},
{"truck_id":"2","engine_temperature":215,"average_rpm":1930},
{"truck_id":"3","engine_temperature":213,"average_rpm":4417},
{"truck_id":"2","engine_temperature":229,"average_rpm":4074},
{"truck_id":"2","engine_temperature":185,"average_rpm":2197},
{"truck_id":"3","engine_temperature":199,"average_rpm":2660},
{"truck_id":"3","engine_temperature":197,"average_rpm":2517},
{"truck_id":"3","engine_temperature":202,"average_rpm":4743},
{"truck_id":"1","engine_temperature":217,"average_rpm":2300},
{"truck_id":"1","engine_temperature":212,"average_rpm":4109},
{"truck_id":"2","engine_temperature":214,"average_rpm":4156},
{"truck_id":"3","engine_temperature":197,"average_rpm":3915},
{"truck_id":"1","engine_temperature":208,"average_rpm":2747},
{"truck_id":"1","engine_temperature":225,"average_rpm":2574},
{"truck_id":"3","engine_temperature":211,"average_rpm":4949},
{"truck_id":"3","engine_temperature":210,"average_rpm":4353},
{"truck_id":"2","engine_temperature":185,"average_rpm":3957},
{"truck_id":"2","engine_temperature":209,"average_rpm":3746},
{"truck_id":"1","engine_temperature":192,"average_rpm":4910},
{"truck_id":"1","engine_temperature":203,"average_rpm":3971},
{"truck_id":"2","engine_temperature":191,"average_rpm":4056},
{"truck_id":"2","engine_temperature":183,"average_rpm":4684},
{"truck_id":"1","engine_temperature":222,"average_rpm":4930},
{"truck_id":"1","engine_temperature":192,"average_rpm":2523},
{"truck_id":"2","engine_temperature":190,"average_rpm":1814},
{"truck_id":"1","engine_temperature":190,"average_rpm":4121},
{"truck_id":"2","engine_temperature":195,"average_rpm":4736},
{"truck_id":"2","engine_temperature":213,"average_rpm":2052},
{"truck_id":"2","engine_temperature":218,"average_rpm":2672},
{"truck_id":"2","engine_temperature":173,"average_rpm":4699},
{"truck_id":"2","engine_temperature":194,"average_rpm":4163},
{"truck_id":"3","engine_temperature":208,"average_rpm":3424},
{"truck_id":"2","engine_temperature":216,"average_rpm":4957},
{"truck_id":"2","engine_temperature":212,"average_rpm":3599},
{"truck_id":"3","engine_temperature":173,"average_rpm":2625},
{"truck_id":"2","engine_temperature":196,"average_rpm":4410},
{"truck_id":"2","engine_temperature":205,"average_rpm":4617},
{"truck_id":"3","engine_temperature":212,"average_rpm":3660},
{"truck_id":"1","engine_temperature":186,"average_rpm":4519},
{"truck_id":"1","engine_temperature":199,"average_rpm":3653},
{"truck_id":"2","engine_temperature":202,"average_rpm":3299},
{"truck_id":"3","engine_temperature":206,"average_rpm":3144},
{"truck_id":"1","engine_temperature":199,"average_rpm":3593},
{"truck_id":"1","engine_temperature":209,"average_rpm":3470},
{"truck_id":"1","engine_temperature":200,"average_rpm":3455},
{"truck_id":"3","engine_temperature":193,"average_rpm":3615},
{"truck_id":"3","engine_temperature":219,"average_rpm":2165},
{"truck_id":"2","engine_temperature":157,"average_rpm":2416},
{"truck_id":"1","engine_temperature":195,"average_rpm":3038},
{"truck_id":"2","engine_temperature":207,"average_rpm":3657},
{"truck_id":"2","engine_temperature":189,"average_rpm":4209},
{"truck_id":"1","engine_temperature":183,"average_rpm":2555},
{"truck_id":"1","engine_temperature":182,"average_rpm":3388},
{"truck_id":"3","engine_temperature":204,"average_rpm":3797},
{"truck_id":"2","engine_temperature":189,"average_rpm":1993},
{"truck_id":"2","engine_temperature":211,"average_rpm":2826},
{"truck_id":"2","engine_temperature":198,"average_rpm":2371},
{"truck_id":"3","engine_temperature":191,"average_rpm":2612},
{"truck_id":"3","engine_temperature":187,"average_rpm":1929},
{"truck_id":"1","engine_temperature":210,"average_rpm":2665},
{"truck_id":"1","engine_temperature":227,"average_rpm":4200},
{"truck_id":"3","engine_temperature":204,"average_rpm":2434},
{"truck_id":"3","engine_temperature":192,"average_rpm":4702},
{"truck_id":"2","engine_temperature":225,"average_rpm":3770},
{"truck_id":"1","engine_temperature":219,"average_rpm":2999},
{"truck_id":"1","engine_temperature":211,"average_rpm":3542},
{"truck_id":"1","engine_temperature":201,"average_rpm":2285},
{"truck_id":"2","engine_temperature":239,"average_rpm":2876},
{"truck_id":"2","engine_temperature":200,"average_rpm":3495},
{"truck_id":"1","engine_temperature":198,"average_rpm":2412},
{"truck_id":"2","engine_temperature":209,"average_rpm":2987},
{"truck_id":"1","engine_temperature":178,"average_rpm":3400},
{"truck_id":"3","engine_temperature":201,"average_rpm":3928},
{"truck_id":"1","engine_temperature":216,"average_rpm":3623},
{"truck_id":"1","engine_temperature":191,"average_rpm":3798},
{"truck_id":"1","engine_temperature":211,"average_rpm":2114},
{"truck_id":"2","engine_temperature":197,"average_rpm":3406},
{"truck_id":"2","engine_temperature":210,"average_rpm":4557},
{"truck_id":"1","engine_temperature":212,"average_rpm":2997},
{"truck_id":"3","engine_temperature":197,"average_rpm":2813},
{"truck_id":"1","engine_temperature":212,"average_rpm":3906},
{"truck_id":"1","engine_temperature":209,"average_rpm":2924},
{"truck_id":"3","engine_temperature":235,"average_rpm":4391},
{"truck_id":"3","engine_temperature":202,"average_rpm":1935},
{"truck_id":"1","engine_temperature":197,"average_rpm":4977},
{"truck_id":"2","engine_temperature":214,"average_rpm":4562},
{"truck_id":"3","engine_temperature":175,"average_rpm":4755},
{"truck_id":"3","engine_temperature":206,"average_rpm":3476},
{"truck_id":"2","engine_temperature":208,"average_rpm":2484},
{"truck_id":"1","engine_temperature":190,"average_rpm":4475},
{"truck_id":"2","engine_temperature":192,"average_rpm":4701},
{"truck_id":"2","engine_temperature":203,"average_rpm":4344},
{"truck_id":"2","engine_temperature":197,"average_rpm":3203},
{"truck_id":"3","engine_temperature":202,"average_rpm":4516},
{"truck_id":"1","engine_temperature":202,"average_rpm":2170},
{"truck_id":"2","engine_temperature":195,"average_rpm":4346},
{"truck_id":"1","engine_temperature":201,"average_rpm":4252},
{"truck_id":"2","engine_temperature":192,"average_rpm":3484},
{"truck_id":"2","engine_temperature":198,"average_rpm":3127},
{"truck_id":"2","engine_temperature":198,"average_rpm":4471},
{"truck_id":"3","engine_temperature":202,"average_rpm":4710},
{"truck_id":"1","engine_temperature":186,"average_rpm":2186},
{"truck_id":"1","engine_temperature":204,"average_rpm":4575},
{"truck_id":"1","engine_temperature":187,"average_rpm":3715},
{"truck_id":"3","engine_temperature":185,"average_rpm":4138},
{"truck_id":"2","engine_temperature":219,"average_rpm":2305},
{"truck_id":"2","engine_temperature":200,"average_rpm":3794},
{"truck_id":"2","engine_temperature":176,"average_rpm":1924},
{"truck_id":"3","engine_temperature":203,"average_rpm":1873},
{"truck_id":"2","engine_temperature":213,"average_rpm":2459},
{"truck_id":"3","engine_temperature":193,"average_rpm":2588},
{"truck_id":"2","engine_temperature":203,"average_rpm":2926},
{"truck_id":"2","engine_temperature":197,"average_rpm":2399},
{"truck_id":"1","engine_temperature":177,"average_rpm":1898},
{"truck_id":"3","engine_temperature":218,"average_rpm":4996},
{"truck_id":"2","engine_temperature":200,"average_rpm":2104},
{"truck_id":"2","engine_temperature":191,"average_rpm":3327},
{"truck_id":"3","engine_temperature":221,"average_rpm":4715},
{"truck_id":"1","engine_temperature":202,"average_rpm":2767},
{"truck_id":"2","engine_temperature":208,"average_rpm":2581},
{"truck_id":"1","engine_temperature":183,"average_rpm":3043},
{"truck_id":"1","engine_temperature":214,"average_rpm":3596},
{"truck_id":"3","engine_temperature":213,"average_rpm":4411},
{"truck_id":"2","engine_temperature":201,"average_rpm":4246},
{"truck_id":"3","engine_temperature":177,"average_rpm":1959},
{"truck_id":"1","engine_temperature":228,"average_rpm":3593},
{"truck_id":"3","engine_temperature":189,"average_rpm":1820},
{"truck_id":"3","engine_temperature":207,"average_rpm":2070},
{"truck_id":"1","engine_temperature":200,"average_rpm":3281},
{"truck_id":"2","engine_temperature":190,"average_rpm":3461},
{"truck_id":"3","engine_temperature":185,"average_rpm":2926},
{"truck_id":"3","engine_temperature":218,"average_rpm":3739},
{"truck_id":"2","engine_temperature":198,"average_rpm":4423},
{"truck_id":"3","engine_temperature":213,"average_rpm":4729},
{"truck_id":"2","engine_temperature":197,"average_rpm":3306},
{"truck_id":"2","engine_temperature":210,"average_rpm":2497},
{"truck_id":"2","engine_temperature":213,"average_rpm":3093},
{"truck_id":"1","engine_temperature":212,"average_rpm":4579},
{"truck_id":"2","engine_temperature":188,"average_rpm":4655},
{"truck_id":"1","engine_temperature":188,"average_rpm":4283},
{"truck_id":"1","engine_temperature":214,"average_rpm":3547},
{"truck_id":"2","engine_temperature":205,"average_rpm":2241},
{"truck_id":"3","engine_temperature":210,"average_rpm":4060},
{"truck_id":"3","engine_temperature":194,"average_rpm":2639},
{"truck_id":"2","engine_temperature":167,"average_rpm":4222},
{"truck_id":"1","engine_temperature":203,"average_rpm":4862},
{"truck_id":"2","engine_temperature":199,"average_rpm":2948},
{"truck_id":"1","engine_temperature":190,"average_rpm":2143},
{"truck_id":"1","engine_temperature":206,"average_rpm":2261},
{"truck_id":"3","engine_temperature":192,"average_rpm":1949},
{"truck_id":"2","engine_temperature":201,"average_rpm":2750},
{"truck_id":"3","engine_temperature":187,"average_rpm":2884},
{"truck_id":"1","engine_temperature":220,"average_rpm":3380},
{"truck_id":"2","engine_temperature":195,"average_rpm":4276},
{"truck_id":"1","engine_temperature":196,"average_rpm":2136},
{"truck_id":"2","engine_temperature":185,"average_rpm":2882},
{"truck_id":"3","engine_temperature":223,"average_rpm":1942},
{"truck_id":"2","engine_temperature":203,"average_rpm":3873},
{"truck_id":"3","engine_temperature":212,"average_rpm":4943},
{"truck_id":"1","engine_temperature":192,"average_rpm":1833},
{"truck_id":"3","engine_temperature":185,"average_rpm":2625},
{"truck_id":"1","engine_temperature":199,"average_rpm":4118},
{"truck_id":"3","engine_temperature":212,"average_rpm":2112},
{"truck_id":"3","engine_temperature":217,"average_rpm":1829},
{"truck_id":"2","engine_temperature":200,"average_rpm":3131},
{"truck_id":"1","engine_temperature":187,"average_rpm":4473},
{"truck_id":"1","engine_temperature":222,"average_rpm":2596},
{"truck_id":"2","engine_temperature":191,"average_rpm":2830},
{"truck_id":"2","engine_temperature":181,"average_rpm":2877},
{"truck_id":"2","engine_temperature":210,"average_rpm":4068},
{"truck_id":"2","engine_temperature":223,"average_rpm":2109},
{"truck_id":"1","engine_temperature":196,"average_rpm":2974},
{"truck_id":"3","engine_temperature":192,"average_rpm":2597},
{"truck_id":"2","engine_temperature":201,"average_rpm":4489},
{"truck_id":"2","engine_temperature":213,"average_rpm":2386},
{"truck_id":"2","engine_temperature":206,"average_rpm":1896},
{"truck_id":"3","engine_temperature":205,"average_rpm":2246},
{"truck_id":"3","engine_temperature":184,"average_rpm":4947},
{"truck_id":"3","engine_temperature":230,"average_rpm":4963},
{"truck_id":"3","engine_temperature":202,"average_rpm":3468},
{"truck_id":"1","engine_temperature":189,"average_rpm":2988},
{"truck_id":"1","engine_temperature":191,"average_rpm":2043},
{"truck_id":"1","engine_temperature":166,"average_rpm":2306},
{"truck_id":"1","engine_temperature":205,"average_rpm":3199},
{"truck_id":"1","engine_temperature":212,"average_rpm":2229},
{"truck_id":"1","engine_temperature":196,"average_rpm":3958},
{"truck_id":"2","engine_temperature":193,"average_rpm":4825},
{"truck_id":"2","engine_temperature":207,"average_rpm":4937},
{"truck_id":"3","engine_temperature":202,"average_rpm":2343},
{"truck_id":"3","engine_temperature":164,"average_rpm":3100},
{"truck_id":"3","engine_temperature":212,"average_rpm":3705},
{"truck_id":"2","engine_temperature":194,"average_rpm":3378},
{"truck_id":"2","engine_temperature":203,"average_rpm":4188},
{"truck_id":"3","engine_temperature":210,"average_rpm":4056},
{"truck_id":"3","engine_temperature":197,"average_rpm":4423},
{"truck_id":"1","engine_temperature":175,"average_rpm":4524},
{"truck_id":"2","engine_temperature":189,"average_rpm":4035},
{"truck_id":"3","engine_temperature":198,"average_rpm":4212},
{"truck_id":"1","engine_temperature":189,"average_rpm":4983},
{"truck_id":"1","engine_temperature":200,"average_rpm":4048},
{"truck_id":"2","engine_temperature":217,"average_rpm":2888},
{"truck_id":"2","engine_temperature":206,"average_rpm":4155},
{"truck_id":"1","engine_temperature":205,"average_rpm":3009},
{"truck_id":"3","engine_temperature":204,"average_rpm":2491},
{"truck_id":"3","engine_temperature":185,"average_rpm":4307},
{"truck_id":"1","engine_temperature":203,"average_rpm":3332},
{"truck_id":"2","engine_temperature":195,"average_rpm":4607},
{"truck_id":"2","engine_temperature":180,"average_rpm":1864},
{"truck_id":"2","engine_temperature":219,"average_rpm":4252},
{"truck_id":"2","engine_temperature":204,"average_rpm":2373},
{"truck_id":"3","engine_temperature":179,"average_rpm":2199},
{"truck_id":"1","engine_temperature":202,"average_rpm":2223},
{"truck_id":"2","engine_temperature":215,"average_rpm":3178},
{"truck_id":"2","engine_temperature":219,"average_rpm":4024},
{"truck_id":"1","engine_temperature":187,"average_rpm":1818},
{"truck_id":"1","engine_temperature":227,"average_rpm":2367},
{"truck_id":"2","engine_temperature":222,"average_rpm":3685},
{"truck_id":"3","engine_temperature":153,"average_rpm":4648},
{"truck_id":"1","engine_temperature":195,"average_rpm":3809},
{"truck_id":"1","engine_temperature":218,"average_rpm":2369},
{"truck_id":"1","engine_temperature":214,"average_rpm":3175},
{"truck_id":"1","engine_temperature":212,"average_rpm":4523},
{"truck_id":"1","engine_temperature":203,"average_rpm":2546},
{"truck_id":"1","engine_temperature":202,"average_rpm":4622},
{"truck_id":"3","engine_temperature":192,"average_rpm":4275},
{"truck_id":"1","engine_temperature":199,"average_rpm":4507},
{"truck_id":"2","engine_temperature":190,"average_rpm":2737},
{"truck_id":"2","engine_temperature":184,"average_rpm":4370},
{"truck_id":"2","engine_temperature":193,"average_rpm":4232},
{"truck_id":"3","engine_temperature":199,"average_rpm":4559},
{"truck_id":"2","engine_temperature":205,"average_rpm":2953},
{"truck_id":"3","engine_temperature":194,"average_rpm":4004},
{"truck_id":"2","engine_temperature":206,"average_rpm":4727},
{"truck_id":"1","engine_temperature":205,"average_rpm":4996},
{"truck_id":"3","engine_temperature":204,"average_rpm":2415},
{"truck_id":"2","engine_temperature":197,"average_rpm":3510},
{"truck_id":"3","engine_temperature":209,"average_rpm":2169},
{"truck_id":"3","engine_temperature":190,"average_rpm":2980},
{"truck_id":"2","engine_temperature":185,"average_rpm":2712},
{"truck_id":"1","engine_temperature":225,"average_rpm":3202},
{"truck_id":"3","engine_temperature":220,"average_rpm":2574},
{"truck_id":"1","engine_temperature":212,"average_rpm":4317},
{"truck_id":"1","engine_temperature":192,"average_rpm":2984},
{"truck_id":"2","engine_temperature":194,"average_rpm":4322},
{"truck_id":"3","engine_temperature":200,"average_rpm":4859},
{"truck_id":"3","engine_temperature":204,"average_rpm":4123},
{"truck_id":"3","engine_temperature":199,"average_rpm":4060},
{"truck_id":"2","engine_temperature":188,"average_rpm":2025},
{"truck_id":"2","engine_temperature":182,"average_rpm":2301},
{"truck_id":"1","engine_temperature":188,"average_rpm":3214},
{"truck_id":"2","engine_temperature":211,"average_rpm":2453},
{"truck_id":"3","engine_temperature":196,"average_rpm":2659},
{"truck_id":"1","engine_temperature":199,"average_rpm":2403},
{"truck_id":"1","engine_temperature":207,"average_rpm":4860},
{"truck_id":"3","engine_temperature":215,"average_rpm":3717},
{"truck_id":"2","engine_temperature":209,"average_rpm":4853},
{"truck_id":"3","engine_temperature":212,"average_rpm":1950},
{"truck_id":"2","engine_temperature":192,"average_rpm":4089},
{"truck_id":"1","engine_temperature":200,"average_rpm":3199},
{"truck_id":"2","engine_temperature":187,"average_rpm":2790},
{"truck_id":"3","engine_temperature":206,"average_rpm":2524},
{"truck_id":"2","engine_temperature":207,"average_rpm":4844},
{"truck_id":"2","engine_temperature":225,"average_rpm":3428},
{"truck_id":"1","engine_temperature":198,"average_rpm":2763},
{"truck_id":"2","engine_temperature":197,"average_rpm":4378},
{"truck_id":"1","engine_temperature":197,"average_rpm":2236},
{"truck_id":"3","engine_temperature":177,"average_rpm":1977},
{"truck_id":"2","engine_temperature":186,"average_rpm":1805},
{"truck_id":"2","engine_temperature":189,"average_rpm":1954},
{"truck_id":"2","engine_temperature":194,"average_rpm":2518},
{"truck_id":"1","engine_temperature":208,"average_rpm":2962},
{"truck_id":"3","engine_temperature":216,"average_rpm":4951},
{"truck_id":"2","engine_temperature":210,"average_rpm":2579},
{"truck_id":"3","engine_temperature":196,"average_rpm":2339},
{"truck_id":"2","engine_temperature":193,"average_rpm":3637},
{"truck_id":"3","engine_temperature":192,"average_rpm":4866},
{"truck_id":"2","engine_temperature":220,"average_rpm":4638},
{"truck_id":"1","engine_temperature":227,"average_rpm":3233},
{"truck_id":"1","engine_temperature":191,"average_rpm":2250},
{"truck_id":"1","engine_temperature":194,"average_rpm":4030},
{"truck_id":"3","engine_temperature":200,"average_rpm":2197},
{"truck_id":"2","engine_temperature":202,"average_rpm":3661},
{"truck_id":"3","engine_temperature":184,"average_rpm":3364},
{"truck_id":"1","engine_temperature":206,"average_rpm":4191},
{"truck_id":"3","engine_temperature":182,"average_rpm":4205},
{"truck_id":"3","engine_temperature":185,"average_rpm":3377},
{"truck_id":"1","engine_temperature":207,"average_rpm":3281},
{"truck_id":"1","engine_temperature":199,"average_rpm":3592},
{"truck_id":"1","engine_temperature":179,"average_rpm":4403},
{"truck_id":"1","engine_temperature":199,"average_rpm":3107},
{"truck_id":"2","engine_temperature":199,"average_rpm":2508},
{"truck_id":"3","engine_temperature":211,"average_rpm":2128},
{"truck_id":"2","engine_temperature":180,"average_rpm":3328},
{"truck_id":"3","engine_temperature":199,"average_rpm":4226},
{"truck_id":"1","engine_temperature":199,"average_rpm":4904},
{"truck_id":"3","engine_temperature":179,"average_rpm":2698},
{"truck_id":"2","engine_temperature":214,"average_rpm":3170},
{"truck_id":"3","engine_temperature":213,"average_rpm":2599},
{"truck_id":"2","engine_temperature":203,"average_rpm":2963},
{"truck_id":"2","engine_temperature":196,"average_rpm":2741},
{"truck_id":"1","engine_temperature":202,"average_rpm":2725},
{"truck_id":"1","engine_temperature":213,"average_rpm":2174},
{"truck_id":"1","engine_temperature":221,"average_rpm":3818},
{"truck_id":"3","engine_temperature":220,"average_rpm":2458},
{"truck_id":"3","engine_temperature":203,"average_rpm":3765},
{"truck_id":"3","engine_temperature":176,"average_rpm":2301},
{"truck_id":"2","engine_temperature":205,"average_rpm":4759},
{"truck_id":"3","engine_temperature":213,"average_rpm":2284},
{"truck_id":"2","engine_temperature":206,"average_rpm":3063},
{"truck_id":"3","engine_temperature":228,"average_rpm":4178},
{"truck_id":"2","engine_temperature":195,"average_rpm":1844},
{"truck_id":"3","engine_temperature":212,"average_rpm":4740},
{"truck_id":"3","engine_temperature":219,"average_rpm":3194},
{"truck_id":"2","engine_temperature":192,"average_rpm":2671},
{"truck_id":"3","engine_temperature":177,"average_rpm":4915},
{"truck_id":"1","engine_temperature":185,"average_rpm":4726},
{"truck_id":"2","engine_temperature":187,"average_rpm":4214},
{"truck_id":"3","engine_temperature":193,"average_rpm":4188},
{"truck_id":"3","engine_temperature":220,"average_rpm":4892},
{"truck_id":"2","engine_temperature":181,"average_rpm":2663},
{"truck_id":"1","engine_temperature":195,"average_rpm":2048},
{"truck_id":"1","engine_temperature":229,"average_rpm":3189},
{"truck_id":"3","engine_temperature":192,"average_rpm":1805},
{"truck_id":"3","engine_temperature":190,"average_rpm":1808},
{"truck_id":"3","engine_temperature":200,"average_rpm":3381},
{"truck_id":"3","engine_temperature":196,"average_rpm":2768},
{"truck_id":"1","engine_temperature":202,"average_rpm":4891},
{"truck_id":"2","engine_temperature":199,"average_rpm":3710},
{"truck_id":"1","engine_temperature":201,"average_rpm":2354},
{"truck_id":"2","engine_temperature":200,"average_rpm":2961},
{"truck_id":"1","engine_temperature":212,"average_rpm":4583},
{"truck_id":"3","engine_temperature":203,"average_rpm":4371},
{"truck_id":"2","engine_temperature":208,"average_rpm":3797},
{"truck_id":"2","engine_temperature":207,"average_rpm":3607},
{"truck_id":"2","engine_temperature":190,"average_rpm":2968},
{"truck_id":"3","engine_temperature":205,"average_rpm":2603},
{"truck_id":"1","engine_temperature":211,"average_rpm":2260},
{"truck_id":"2","engine_temperature":193,"average_rpm":4412},
{"truck_id":"3","engine_temperature":218,"average_rpm":4227},
{"truck_id":"1","engine_temperature":191,"average_rpm":2579},
{"truck_id":"3","engine_temperature":197,"average_rpm":4990},
{"truck_id":"3","engine_temperature":246,"average_rpm":3183},
{"truck_id":"2","engine_temperature":209,"average_rpm":2390},
{"truck_id":"1","engine_temperature":184,"average_rpm":3698},
{"truck_id":"1","engine_temperature":190,"average_rpm":2096},
{"truck_id":"2","engine_temperature":208,"average_rpm":3223},
{"truck_id":"2","engine_temperature":193,"average_rpm":4060},
{"truck_id":"2","engine_temperature":195,"average_rpm":4331},
{"truck_id":"1","engine_temperature":181,"average_rpm":3785},
{"truck_id":"3","engine_temperature":194,"average_rpm":2759},
{"truck_id":"3","engine_temperature":221,"average_rpm":2923},
{"truck_id":"2","engine_temperature":193,"average_rpm":1823},
{"truck_id":"1","engine_temperature":189,"average_rpm":2560},
{"truck_id":"1","engine_temperature":193,"average_rpm":3611},
{"truck_id":"1","engine_temperature":203,"average_rpm":2674},
{"truck_id":"1","engine_temperature":191,"average_rpm":2557},
{"truck_id":"2","engine_temperature":190,"average_rpm":4152},
{"truck_id":"2","engine_temperature":207,"average_rpm":3613},
{"truck_id":"3","engine_temperature":192,"average_rpm":4267},
{"truck_id":"2","engine_temperature":205,"average_rpm":3748},
{"truck_id":"1","engine_temperature":207,"average_rpm":2434},
{"truck_id":"2","engine_temperature":225,"average_rpm":4409},
{"truck_id":"3","engine_temperature":191,"average_rpm":2967},
{"truck_id":"3","engine_temperature":196,"average_rpm":2587},
{"truck_id":"1","engine_temperature":204,"average_rpm":2796},
{"truck_id":"2","engine_temperature":168,"average_rpm":3254},
{"truck_id":"1","engine_temperature":173,"average_rpm":2983},
{"truck_id":"1","engine_temperature":198,"average_rpm":3185},
{"truck_id":"1","engine_temperature":197,"average_rpm":4037},
{"truck_id":"3","engine_temperature":191,"average_rpm":4865},
{"truck_id":"1","engine_temperature":200,"average_rpm":2006},
{"truck_id":"3","engine_temperature":184,"average_rpm":2705},
{"truck_id":"2","engine_temperature":211,"average_rpm":4259},
{"truck_id":"3","engine_temperature":204,"average_rpm":2773},
{"truck_id":"2","engine_temperature":179,"average_rpm":3391},
{"truck_id":"2","engine_temperature":185,"average_rpm":1907},
{"truck_id":"2","engine_temperature":196,"average_rpm":2083},
{"truck_id":"3","engine_temperature":207,"average_rpm":2316},
{"truck_id":"1","engine_temperature":182,"average_rpm":4163},
{"truck_id":"1","engine_temperature":225,"average_rpm":1809},
{"truck_id":"3","engine_temperature":232,"average_rpm":3953},
{"truck_id":"2","engine_temperature":186,"average_rpm":3123},
{"truck_id":"3","engine_temperature":199,"average_rpm":4033},
{"truck_id":"3","engine_temperature":219,"average_rpm":3483},
{"truck_id":"2","engine_temperature":179,"average_rpm":3479},
{"truck_id":"2","engine_temperature":209,"average_rpm":4441},
{"truck_id":"1","engine_temperature":212,"average_rpm":4961},
{"truck_id":"2","engine_temperature":207,"average_rpm":3765},
{"truck_id":"3","engine_temperature":207,"average_rpm":2391},
{"truck_id":"2","engine_temperature":161,"average_rpm":4776},
{"truck_id":"3","engine_temperature":191,"average_rpm":4209},
{"truck_id":"2","engine_temperature":187,"average_rpm":3864},
{"truck_id":"3","engine_temperature":190,"average_rpm":2245},
{"truck_id":"2","engine_temperature":203,"average_rpm":3100},
{"truck_id":"2","engine_temperature":225,"average_rpm":4819},
{"truck_id":"1","engine_temperature":196,"average_rpm":4660},
{"truck_id":"3","engine_temperature":186,"average_rpm":3949},
{"truck_id":"2","engine_temperature":196,"average_rpm":4735},
{"truck_id":"2","engine_temperature":219,"average_rpm":4258},
{"truck_id":"2","engine_temperature":186,"average_rpm":3589},
{"truck_id":"3","engine_temperature":217,"average_rpm":2145},
{"truck_id":"2","engine_temperature":199,"average_rpm":3284},
{"truck_id":"1","engine_temperature":191,"average_rpm":3596},
{"truck_id":"1","engine_temperature":183,"average_rpm":4960},
{"truck_id":"2","engine_temperature":193,"average_rpm":2899},
{"truck_id":"1","engine_temperature":205,"average_rpm":3002},
{"truck_id":"3","engine_temperature":204,"average_rpm":3477},
{"truck_id":"2","engine_temperature":212,"average_rpm":3350},
{"truck_id":"3","engine_temperature":192,"average_rpm":3035},
{"truck_id":"1","engine_temperature":197,"average_rpm":2465},
{"truck_id":"3","engine_temperature":202,"average_rpm":4945},
{"truck_id":"3","engine_temperature":202,"average_rpm":4228},
{"truck_id":"1","engine_temperature":190,"average_rpm":3175},
{"truck_id":"3","engine_temperature":203,"average_rpm":2536},
{"truck_id":"2","engine_temperature":190,"average_rpm":4284},
{"truck_id":"1","engine_temperature":180,"average_rpm":4694},
{"truck_id":"2","engine_temperature":213,"average_rpm":2115},
{"truck_id":"2","engine_temperature":210,"average_rpm":3602},
{"truck_id":"3","engine_temperature":205,"average_rpm":3731},
{"truck_id":"1","engine_temperature":200,"average_rpm":4446},
{"truck_id":"2","engine_temperature":196,"average_rpm":2249},
{"truck_id":"1","engine_temperature":218,"average_rpm":2058},
{"truck_id":"1","engine_temperature":221,"average_rpm":4218},
{"truck_id":"3","engine_temperature":207,"average_rpm":3954},
{"truck_id":"1","engine_temperature":198,"average_rpm":4713},
{"truck_id":"2","engine_temperature":196,"average_rpm":3716},
{"truck_id":"3","engine_temperature":192,"average_rpm":4558},
{"truck_id":"3","engine_temperature":224,"average_rpm":4726},
{"truck_id":"1","engine_temperature":205,"average_rpm":3885},
{"truck_id":"1","engine_temperature":212,"average_rpm":1989},
{"truck_id":"1","engine_temperature":173,"average_rpm":3434},
{"truck_id":"1","engine_temperature":184,"average_rpm":3343},
{"truck_id":"3","engine_temperature":194,"average_rpm":4371},
{"truck_id":"2","engine_temperature":197,"average_rpm":2328},
{"truck_id":"1","engine_temperature":193,"average_rpm":3241},
{"truck_id":"3","engine_temperature":217,"average_rpm":4110},
{"truck_id":"3","engine_temperature":198,"average_rpm":2938},
{"truck_id":"3","engine_temperature":204,"average_rpm":2773},
{"truck_id":"1","engine_temperature":182,"average_rpm":2515},
{"truck_id":"2","engine_temperature":166,"average_rpm":2342},
{"truck_id":"2","engine_temperature":194,"average_rpm":3650},
{"truck_id":"2","engine_temperature":212,"average_rpm":4894},
{"truck_id":"1","engine_temperature":176,"average_rpm":2468},
{"truck_id":"2","engine_temperature":169,"average_rpm":3608},
{"truck_id":"3","engine_temperature":201,"average_rpm":2823},
{"truck_id":"2","engine_temperature":202,"average_rpm":2404},
{"truck_id":"3","engine_temperature":211,"average_rpm":3138},
{"truck_id":"3","engine_temperature":209,"average_rpm":4583},
{"truck_id":"3","engine_temperature":207,"average_rpm":4576},
{"truck_id":"1","engine_temperature":213,"average_rpm":4005},
{"truck_id":"2","engine_temperature":180,"average_rpm":4664},
{"truck_id":"2","engine_temperature":196,"average_rpm":1916},
{"truck_id":"2","engine_temperature":189,"average_rpm":2217},
{"truck_id":"3","engine_temperature":188,"average_rpm":2126},
{"truck_id":"2","engine_temperature":198,"average_rpm":3475},
{"truck_id":"2","engine_temperature":187,"average_rpm":2381},
{"truck_id":"2","engine_temperature":208,"average_rpm":3292},
{"truck_id":"2","engine_temperature":183,"average_rpm":2765},
{"truck_id":"2","engine_temperature":214,"average_rpm":2684},
{"truck_id":"3","engine_temperature":197,"average_rpm":4078},
{"truck_id":"1","engine_temperature":207,"average_rpm":1886},
{"truck_id":"2","engine_temperature":198,"average_rpm":3778},
{"truck_id":"2","engine_temperature":209,"average_rpm":3008},
{"truck_id":"2","engine_temperature":191,"average_rpm":2503},
{"truck_id":"1","engine_temperature":208,"average_rpm":2223},
{"truck_id":"1","engine_temperature":213,"average_rpm":3157},
{"truck_id":"2","engine_temperature":211,"average_rpm":3122},
{"truck_id":"2","engine_temperature":189,"average_rpm":2701},
{"truck_id":"2","engine_temperature":197,"average_rpm":2975},
{"truck_id":"1","engine_temperature":215,"average_rpm":3845},
{"truck_id":"1","engine_temperature":218,"average_rpm":1919},
{"truck_id":"1","engine_temperature":194,"average_rpm":2742},
{"truck_id":"1","engine_temperature":214,"average_rpm":3744},
{"truck_id":"1","engine_temperature":188,"average_rpm":3876},
{"truck_id":"1","engine_temperature":182,"average_rpm":1976},
{"truck_id":"2","engine_temperature":214,"average_rpm":4421},
{"truck_id":"3","engine_temperature":230,"average_rpm":4070},
{"truck_id":"2","engine_temperature":179,"average_rpm":4620},
{"truck_id":"2","engine_temperature":196,"average_rpm":2462},
{"truck_id":"1","engine_temperature":191,"average_rpm":4656},
{"truck_id":"1","engine_temperature":211,"average_rpm":3668},
{"truck_id":"2","engine_temperature":221,"average_rpm":2253},
{"truck_id":"2","engine_temperature":189,"average_rpm":3846},
{"truck_id":"1","engine_temperature":208,"average_rpm":2066},
{"truck_id":"2","engine_temperature":206,"average_rpm":4196},
{"truck_id":"2","engine_temperature":179,"average_rpm":3849},
{"truck_id":"3","engine_temperature":225,"average_rpm":2337},
{"truck_id":"2","engine_temperature":211,"average_rpm":1920},
{"truck_id":"2","engine_temperature":198,"average_rpm":3047},
{"truck_id":"2","engine_temperature":208,"average_rpm":4691},
{"truck_id":"2","engine_temperature":179,"average_rpm":3460},
{"truck_id":"1","engine_temperature":210,"average_rpm":3140},
{"truck_id":"1","engine_temperature":190,"average_rpm":3443},
{"truck_id":"2","engine_temperature":184,"average_rpm":1829},
{"truck_id":"1","engine_temperature":219,"average_rpm":4163},
{"truck_id":"2","engine_temperature":191,"average_rpm":4411},
{"truck_id":"2","engine_temperature":176,"average_rpm":3477},
{"truck_id":"3","engine_temperature":207,"average_rpm":3494},
{"truck_id":"1","engine_temperature":200,"average_rpm":4696},
{"truck_id":"3","engine_temperature":187,"average_rpm":2991},
{"truck_id":"2","engine_temperature":184,"average_rpm":2972},
{"truck_id":"2","engine_temperature":224,"average_rpm":2163},
{"truck_id":"1","engine_temperature":215,"average_rpm":3084},
{"truck_id":"2","engine_temperature":190,"average_rpm":3120},
{"truck_id":"2","engine_temperature":183,"average_rpm":2969},
{"truck_id":"3","engine_temperature":203,"average_rpm":1904},
{"truck_id":"2","engine_temperature":183,"average_rpm":4062},
{"truck_id":"2","engine_temperature":213,"average_rpm":2379},
{"truck_id":"2","engine_temperature":210,"average_rpm":3967},
{"truck_id":"1","engine_temperature":206,"average_rpm":2754},
{"truck_id":"1","engine_temperature":202,"average_rpm":4564},
{"truck_id":"1","engine_temperature":186,"average_rpm":2149},
{"truck_id":"3","engine_temperature":198,"average_rpm":2562},
{"truck_id":"2","engine_temperature":221,"average_rpm":4112},
{"truck_id":"2","engine_temperature":222,"average_rpm":3066},
{"truck_id":"1","engine_temperature":178,"average_rpm":4797},
{"truck_id":"2","engine_temperature":181,"average_rpm":2490},
{"truck_id":"3","engine_temperature":232,"average_rpm":2334},
{"truck_id":"2","engine_temperature":198,"average_rpm":2932},
{"truck_id":"1","engine_temperature":203,"average_rpm":2655},
{"truck_id":"1","engine_temperature":234,"average_rpm":3194},
{"truck_id":"1","engine_temperature":207,"average_rpm":2842},
{"truck_id":"1","engine_temperature":198,"average_rpm":2344},
{"truck_id":"3","engine_temperature":188,"average_rpm":2904},
{"truck_id":"3","engine_temperature":198,"average_rpm":4445},
{"truck_id":"2","engine_temperature":200,"average_rpm":3018},
{"truck_id":"2","engine_temperature":211,"average_rpm":3289},
{"truck_id":"3","engine_temperature":194,"average_rpm":2988},
{"truck_id":"2","engine_temperature":187,"average_rpm":4387},
{"truck_id":"2","engine_temperature":216,"average_rpm":3112},
{"truck_id":"3","engine_temperature":181,"average_rpm":1972},
{"truck_id":"1","engine_temperature":210,"average_rpm":2303},
{"truck_id":"2","engine_temperature":177,"average_rpm":4341},
{"truck_id":"1","engine_temperature":218,"average_rpm":2965},
{"truck_id":"1","engine_temperature":171,"average_rpm":4293},
{"truck_id":"2","engine_temperature":187,"average_rpm":3397},
{"truck_id":"3","engine_temperature":206,"average_rpm":4229},
{"truck_id":"1","engine_temperature":193,"average_rpm":2530},
{"truck_id":"1","engine_temperature":240,"average_rpm":4647},
{"truck_id":"3","engine_temperature":194,"average_rpm":2612},
{"truck_id":"1","engine_temperature":209,"average_rpm":4604},
{"truck_id":"3","engine_temperature":209,"average_rpm":4748},
{"truck_id":"3","engine_temperature":206,"average_rpm":2458},
{"truck_id":"3","engine_temperature":224,"average_rpm":3921},
{"truck_id":"1","engine_temperature":188,"average_rpm":3707},
{"truck_id":"2","engine_temperature":204,"average_rpm":4660},
{"truck_id":"1","engine_temperature":208,"average_rpm":2602},
{"truck_id":"2","engine_temperature":185,"average_rpm":3521},
{"truck_id":"1","engine_temperature":208,"average_rpm":3038},
{"truck_id":"1","engine_temperature":184,"average_rpm":3786},
{"truck_id":"2","engine_temperature":202,"average_rpm":4007},
{"truck_id":"2","engine_temperature":188,"average_rpm":4328},
{"truck_id":"2","engine_temperature":188,"average_rpm":3444},
{"truck_id":"1","engine_temperature":208,"average_rpm":4924},
{"truck_id":"2","engine_temperature":203,"average_rpm":4330},
{"truck_id":"2","engine_temperature":243,"average_rpm":2759},
{"truck_id":"3","engine_temperature":196,"average_rpm":2705},
{"truck_id":"3","engine_temperature":182,"average_rpm":4799},
{"truck_id":"1","engine_temperature":218,"average_rpm":3102},
{"truck_id":"2","engine_temperature":210,"average_rpm":3865},
{"truck_id":"3","engine_temperature":208,"average_rpm":4734},
{"truck_id":"1","engine_temperature":193,"average_rpm":4930},
{"truck_id":"1","engine_temperature":199,"average_rpm":2139},
{"truck_id":"2","engine_temperature":209,"average_rpm":4031},
{"truck_id":"1","engine_temperature":205,"average_rpm":4356},
{"truck_id":"3","engine_temperature":189,"average_rpm":2233},
{"truck_id":"2","engine_temperature":218,"average_rpm":2605},
{"truck_id":"3","engine_temperature":219,"average_rpm":4198},
{"truck_id":"3","engine_temperature":182,"average_rpm":3913},
{"truck_id":"2","engine_temperature":198,"average_rpm":3076},
{"truck_id":"1","engine_temperature":200,"average_rpm":2337},
{"truck_id":"3","engine_temperature":207,"average_rpm":2815},
{"truck_id":"2","engine_temperature":198,"average_rpm":2878},
{"truck_id":"2","engine_temperature":198,"average_rpm":3022},
{"truck_id":"2","engine_temperature":198,"average_rpm":4536},
{"truck_id":"1","engine_temperature":185,"average_rpm":4272},
{"truck_id":"2","engine_temperature":198,"average_rpm":1822},
{"truck_id":"2","engine_temperature":188,"average_rpm":4700},
{"truck_id":"3","engine_temperature":199,"average_rpm":4969},
{"truck_id":"1","engine_temperature":194,"average_rpm":2332},
{"truck_id":"2","engine_temperature":200,"average_rpm":4145},
{"truck_id":"3","engine_temperature":199,"average_rpm":3562},
{"truck_id":"1","engine_temperature":195,"average_rpm":4588},
{"truck_id":"1","engine_temperature":190,"average_rpm":4342},
{"truck_id":"3","engine_temperature":213,"average_rpm":4494},
{"truck_id":"2","engine_temperature":193,"average_rpm":4322},
{"truck_id":"3","engine_temperature":207,"average_rpm":3161},
{"truck_id":"3","engine_temperature":181,"average_rpm":4970},
{"truck_id":"1","engine_temperature":209,"average_rpm":2325},
{"truck_id":"2","engine_temperature":197,"average_rpm":3273},
{"truck_id":"2","engine_temperature":196,"average_rpm":4414},
{"truck_id":"3","engine_temperature":173,"average_rpm":4356},
{"truck_id":"2","engine_temperature":198,"average_rpm":2154},
{"truck_id":"3","engine_temperature":218,"average_rpm":4192},
{"truck_id":"2","engine_temperature":234,"average_rpm":2547},
{"truck_id":"3","engine_temperature":195,"average_rpm":3241},
{"truck_id":"1","engine_temperature":228,"average_rpm":2780},
{"truck_id":"3","engine_temperature":212,"average_rpm":4653},
{"truck_id":"1","engine_temperature":202,"average_rpm":1809},
{"truck_id":"3","engine_temperature":181,"average_rpm":4866},
{"truck_id":"1","engine_temperature":195,"average_rpm":2995},
{"truck_id":"3","engine_temperature":185,"average_rpm":3505},
{"truck_id":"2","engine_temperature":190,"average_rpm":2527},
{"truck_id":"1","engine_temperature":210,"average_rpm":2867},
{"truck_id":"1","engine_temperature":202,"average_rpm":2464},
{"truck_id":"2","engine_temperature":192,"average_rpm":2181},
{"truck_id":"2","engine_temperature":219,"average_rpm":4010},
{"truck_id":"2","engine_temperature":199,"average_rpm":4189},
{"truck_id":"3","engine_temperature":210,"average_rpm":3362},
{"truck_id":"2","engine_temperature":211,"average_rpm":2718},
{"truck_id":"2","engine_temperature":213,"average_rpm":4784},
{"truck_id":"2","engine_temperature":197,"average_rpm":2153},
{"truck_id":"2","engine_temperature":219,"average_rpm":1983},
{"truck_id":"2","engine_temperature":217,"average_rpm":2953},
{"truck_id":"2","engine_temperature":214,"average_rpm":4971},
{"truck_id":"2","engine_temperature":193,"average_rpm":1956},
{"truck_id":"3","engine_temperature":200,"average_rpm":3262},
{"truck_id":"3","engine_temperature":218,"average_rpm":4171},
{"truck_id":"1","engine_temperature":200,"average_rpm":4013},
{"truck_id":"3","engine_temperature":202,"average_rpm":4306},
{"truck_id":"1","engine_temperature":202,"average_rpm":2837},
{"truck_id":"1","engine_temperature":206,"average_rpm":1897},
{"truck_id":"1","engine_temperature":195,"average_rpm":2979},
{"truck_id":"1","engine_temperature":214,"average_rpm":3317},
{"truck_id":"1","engine_temperature":198,"average_rpm":3958},
{"truck_id":"2","engine_temperature":215,"average_rpm":4685},
{"truck_id":"1","engine_temperature":198,"average_rpm":2366},
{"truck_id":"1","engine_temperature":200,"average_rpm":4553},
{"truck_id":"2","engine_temperature":184,"average_rpm":4865},
{"truck_id":"3","engine_temperature":205,"average_rpm":4975},
{"truck_id":"1","engine_temperature":193,"average_rpm":2135},
{"truck_id":"1","engine_temperature":200,"average_rpm":4459},
{"truck_id":"2","engine_temperature":202,"average_rpm":3680},
{"truck_id":"3","engine_temperature":207,"average_rpm":3629},
{"truck_id":"1","engine_temperature":215,"average_rpm":4480},
{"truck_id":"2","engine_temperature":163,"average_rpm":3306},
{"truck_id":"1","engine_temperature":208,"average_rpm":2763},
{"truck_id":"2","engine_temperature":215,"average_rpm":3788},
{"truck_id":"3","engine_temperature":196,"average_rpm":4404},
{"truck_id":"3","engine_temperature":192,"average_rpm":4249},
{"truck_id":"1","engine_temperature":171,"average_rpm":2271},
{"truck_id":"2","engine_temperature":213,"average_rpm":3438},
{"truck_id":"1","engine_temperature":191,"average_rpm":4918},
{"truck_id":"2","engine_temperature":204,"average_rpm":3734},
{"truck_id":"1","engine_temperature":197,"average_rpm":3078},
{"truck_id":"1","engine_temperature":198,"average_rpm":2284},
{"truck_id":"2","engine_temperature":194,"average_rpm":2987},
{"truck_id":"2","engine_temperature":225,"average_rpm":3866},
{"truck_id":"2","engine_temperature":183,"average_rpm":2626},
{"truck_id":"1","engine_temperature":191,"average_rpm":2148},
{"truck_id":"2","engine_temperature":174,"average_rpm":2693},
{"truck_id":"2","engine_temperature":167,"average_rpm":3280},
{"truck_id":"2","engine_temperature":180,"average_rpm":2764},
{"truck_id":"1","engine_temperature":202,"average_rpm":4002},
{"truck_id":"2","engine_temperature":186,"average_rpm":3210},
{"truck_id":"1","engine_temperature":212,"average_rpm":2538},
{"truck_id":"2","engine_temperature":198,"average_rpm":4792},
{"truck_id":"1","engine_temperature":180,"average_rpm":3110},
{"truck_id":"3","engine_temperature":190,"average_rpm":3779},
{"truck_id":"3","engine_temperature":219,"average_rpm":4967},
{"truck_id":"3","engine_temperature":214,"average_rpm":4647},
{"truck_id":"2","engine_temperature":226,"average_rpm":2043},
{"truck_id":"3","engine_temperature":209,"average_rpm":3730},
{"truck_id":"2","engine_temperature":197,"average_rpm":2203},
{"truck_id":"2","engine_temperature":205,"average_rpm":4895},
{"truck_id":"1","engine_temperature":200,"average_rpm":3540},
{"truck_id":"1","engine_temperature":173,"average_rpm":3005},
{"truck_id":"2","engine_temperature":192,"average_rpm":3436},
{"truck_id":"2","engine_temperature":199,"average_rpm":3051},
{"truck_id":"1","engine_temperature":221,"average_rpm":4831},
{"truck_id":"3","engine_temperature":201,"average_rpm":3121},
{"truck_id":"3","engine_temperature":191,"average_rpm":3562},
{"truck_id":"1","engine_temperature":205,"average_rpm":2115},
{"truck_id":"1","engine_temperature":193,"average_rpm":4852},
{"truck_id":"2","engine_temperature":216,"average_rpm":4449},
{"truck_id":"3","engine_temperature":199,"average_rpm":2528},
{"truck_id":"1","engine_temperature":177,"average_rpm":2919},
{"truck_id":"3","engine_temperature":185,"average_rpm":4526},
{"truck_id":"2","engine_temperature":205,"average_rpm":3947},
{"truck_id":"3","engine_temperature":195,"average_rpm":2064},
{"truck_id":"3","engine_temperature":198,"average_rpm":3568},
{"truck_id":"3","engine_temperature":196,"average_rpm":3093},
{"truck_id":"1","engine_temperature":226,"average_rpm":2253},
{"truck_id":"1","engine_temperature":188,"average_rpm":4335},
{"truck_id":"3","engine_temperature":197,"average_rpm":4402},
{"truck_id":"2","engine_temperature":197,"average_rpm":2185},
{"truck_id":"3","engine_temperature":191,"average_rpm":1848},
{"truck_id":"1","engine_temperature":193,"average_rpm":3287},
{"truck_id":"3","engine_temperature":196,"average_rpm":3839},
{"truck_id":"1","engine_temperature":236,"average_rpm":4629},
{"truck_id":"2","engine_temperature":206,"average_rpm":2962},
{"truck_id":"1","engine_temperature":196,"average_rpm":4149},
{"truck_id":"1","engine_temperature":205,"average_rpm":4296},
{"truck_id":"1","engine_temperature":213,"average_rpm":4718},
{"truck_id":"2","engine_temperature":199,"average_rpm":3777},
{"truck_id":"1","engine_temperature":184,"average_rpm":4378},
{"truck_id":"3","engine_temperature":236,"average_rpm":2899},
{"truck_id":"3","engine_temperature":176,"average_rpm":3319},
{"truck_id":"2","engine_temperature":218,"average_rpm":3726},
{"truck_id":"3","engine_temperature":186,"average_rpm":3031},
{"truck_id":"2","engine_temperature":194,"average_rpm":4185},
{"truck_id":"3","engine_temperature":179,"average_rpm":2532},
{"truck_id":"3","engine_temperature":222,"average_rpm":3438},
{"truck_id":"1","engine_temperature":193,"average_rpm":4110},
{"truck_id":"2","engine_temperature":178,"average_rpm":1911},
{"truck_id":"2","engine_temperature":180,"average_rpm":3221},
{"truck_id":"2","engine_temperature":229,"average_rpm":3473},
{"truck_id":"2","engine_temperature":199,"average_rpm":3614},
{"truck_id":"1","engine_temperature":199,"average_rpm":1978},
{"truck_id":"1","engine_temperature":215,"average_rpm":4818},
{"truck_id":"3","engine_temperature":187,"average_rpm":4682},
{"truck_id":"3","engine_temperature":210,"average_rpm":2068},
{"truck_id":"1","engine_temperature":199,"average_rpm":2386},
{"truck_id":"1","engine_temperature":174,"average_rpm":2758},
{"truck_id":"1","engine_temperature":205,"average_rpm":3874},
{"truck_id":"3","engine_temperature":197,"average_rpm":3527},
{"truck_id":"2","engine_temperature":198,"average_rpm":3393},
{"truck_id":"3","engine_temperature":213,"average_rpm":2846},
{"truck_id":"2","engine_temperature":205,"average_rpm":1932},
{"truck_id":"2","engine_temperature":186,"average_rpm":2375},
{"truck_id":"3","engine_temperature":191,"average_rpm":2037},
{"truck_id":"3","engine_temperature":200,"average_rpm":4099},
{"truck_id":"2","engine_temperature":201,"average_rpm":2894},
{"truck_id":"2","engine_temperature":212,"average_rpm":3809},
{"truck_id":"3","engine_temperature":192,"average_rpm":3096},
{"truck_id":"1","engine_temperature":203,"average_rpm":3402},
{"truck_id":"2","engine_temperature":199,"average_rpm":4073},
{"truck_id":"3","engine_temperature":202,"average_rpm":2473},
{"truck_id":"1","engine_temperature":207,"average_rpm":2421},
{"truck_id":"2","engine_temperature":194,"average_rpm":4092},
{"truck_id":"2","engine_temperature":207,"average_rpm":2034},
{"truck_id":"3","engine_temperature":194,"average_rpm":1914},
{"truck_id":"2","engine_temperature":245,"average_rpm":4006},
{"truck_id":"3","engine_temperature":177,"average_rpm":4736},
{"truck_id":"3","engine_temperature":185,"average_rpm":1958},
{"truck_id":"1","engine_temperature":189,"average_rpm":3675},
{"truck_id":"2","engine_temperature":204,"average_rpm":3565},
{"truck_id":"2","engine_temperature":216,"average_rpm":4303},
{"truck_id":"3","engine_temperature":201,"average_rpm":3412},
{"truck_id":"1","engine_temperature":168,"average_rpm":2676},
{"truck_id":"3","engine_temperature":207,"average_rpm":2272},
{"truck_id":"2","engine_temperature":201,"average_rpm":4326},
{"truck_id":"2","engine_temperature":184,"average_rpm":3802},
{"truck_id":"1","engine_temperature":219,"average_rpm":3944},
{"truck_id":"2","engine_temperature":191,"average_rpm":2216},
{"truck_id":"1","engine_temperature":210,"average_rpm":2385},
{"truck_id":"3","engine_temperature":220,"average_rpm":2432},
{"truck_id":"1","engine_temperature":206,"average_rpm":4553},
{"truck_id":"1","engine_temperature":179,"average_rpm":2600},
{"truck_id":"1","engine_temperature":173,"average_rpm":2891}]
